{
  "seed": 2026,
  "epochs": 40,
  "batch_size": 64,
  "max_lr": 0.01,
  "train_loss": [
    1.9074137424203483,
    1.5020345109091564,
    1.2265173926610837,
    1.0312269057401202,
    0.8919373630461368,
    0.7872995633039285,
    0.7108743964609775,
    0.6492727701128884,
    0.5983108270236037,
    0.5652003400662745,
    0.5284379147077826,
    0.49023468360643496,
    0.4639988483818756,
    0.43733638171529904,
    0.41266289141706447,
    0.38658780519935215,
    0.36704276906411076,
    0.35400589170273056,
    0.3440896513533186,
    0.326705232241445,
    0.3054808388167823,
    0.2944719971115278,
    0.2790969265836545,
    0.26504133562345733,
    0.2532696602336893,
    0.2331504263936288,
    0.2205663587241857,
    0.21347247010932982,
    0.18743153345580635,
    0.16859508006812327,
    0.1558056162744337,
    0.13265577483319,
    0.11190242859249172,
    0.0948217935550598,
    0.07727775724726432,
    0.06082497970320136,
    0.051429432453005575,
    0.042468350864179556,
    0.03618931024009891,
    0.03618229434935281
  ],
  "train_acc": [
    28.30666666666667,
    44.87555555555556,
    55.931111111111115,
    63.97555555555556,
    69.34222222222222,
    72.96888888888888,
    75.64888888888889,
    77.91555555555556,
    79.72444444444444,
    80.78,
    82.07777777777778,
    83.51777777777778,
    84.25777777777778,
    85.30222222222223,
    85.91111111111111,
    86.98444444444445,
    87.52666666666667,
    88.13777777777777,
    88.24,
    88.87777777777778,
    89.55777777777777,
    90.21111111111111,
    90.49777777777778,
    91.17111111111112,
    91.43555555555555,
    91.94222222222223,
    92.62222222222222,
    92.62222222222222,
    93.67111111111112,
    94.36888888888889,
    94.7688888888889,
    95.42666666666666,
    96.18222222222222,
    96.89555555555556,
    97.45333333333333,
    98.02,
    98.37777777777778,
    98.67777777777778,
    98.94666666666667,
    98.95333333333333
  ],
  "val_loss": [
    1.5922385967230495,
    1.3524844073042084,
    1.3412382067004336,
    1.1410138946545274,
    0.8282759721520581,
    0.7834496796131134,
    0.7708417007440254,
    0.8448476780064499,
    0.6426059343392336,
    0.7139874119547349,
    0.6458360537697997,
    0.5258343583798106,
    0.6115958011603053,
    0.5124179643543461,
    0.48963439521155777,
    0.48018264336676536,
    0.4830822855988635,
    0.4613685338180276,
    0.5001659749806682,
    0.5619160930944395,
    0.4004309081201312,
    0.38778671150720573,
    0.37811381483002554,
    0.39081440658508976,
    0.45741560659076597,
    0.36206046718208096,
    0.349514750645885,
    0.35815367385556424,
    0.37903642984507957,
    0.32464866858871677,
    0.3071595906645437,
    0.31170221767093564,
    0.3176685360649341,
    0.27823299711829497,
    0.2867595651010169,
    0.2718457081178321,
    0.2768335423514813,
    0.2739513664023031,
    0.27031323169888577,
    0.273273971863091
  ],
  "val_acc": [
    40.9,
    51.86,
    53.78,
    63.38,
    71.66,
    73.6,
    74.12,
    73.42,
    79.1,
    77.4,
    78.22,
    82.92,
    80.04,
    83.02,
    83.84,
    84.18,
    84.98,
    84.74,
    84.06,
    82.76,
    86.72,
    87.6,
    88.0,
    88.32,
    86.28,
    88.08,
    89.08,
    89.04,
    88.62,
    89.96,
    90.18,
    90.64,
    90.7,
    92.2,
    91.72,
    92.16,
    92.46,
    92.82,
    92.7,
    92.6
  ]
}