{
  "seed": 2026,
  "epochs": 40,
  "batch_size": 64,
  "max_lr": 0.01,
  "train_loss": [
    1.6196573232723908,
    1.1264624710787425,
    0.8771995006721806,
    0.7480100122576748,
    0.6500865342942151,
    0.5847996116658165,
    0.5287063003052026,
    0.4795187539421022,
    0.4345124950526621,
    0.4044752521652051,
    0.3711665586610748,
    0.34406011046799406,
    0.31808843365235423,
    0.2985238150524145,
    0.2802876810627905,
    0.2611144847786901,
    0.25579733386191283,
    0.22906771432925863,
    0.21799778478452936,
    0.2118148856679909,
    0.19783623864747246,
    0.1836342037978201,
    0.16722630558863535,
    0.15474095579173247,
    0.14682831197966484,
    0.13718449655094778,
    0.11773655873680995,
    0.11609935046395879,
    0.09950949097798333,
    0.0820706548911403,
    0.07394765705645444,
    0.06399519581662555,
    0.04643293906205641,
    0.03998381229757797,
    0.027400133303176102,
    0.020404972868246576,
    0.01716034861072496,
    0.014198050321862287,
    0.012915653765007433,
    0.01228538932440415
  ],
  "train_acc": [
    40.175555555555555,
    59.602222222222224,
    69.39777777777778,
    73.92444444444445,
    77.56444444444445,
    79.94888888888889,
    81.89777777777778,
    83.59555555555555,
    85.12444444444445,
    86.06,
    87.30444444444444,
    88.22888888888889,
    88.84666666666666,
    89.67555555555556,
    90.24666666666667,
    90.89777777777778,
    91.16222222222223,
    91.93777777777778,
    92.39777777777778,
    92.61777777777777,
    93.11111111111111,
    93.52,
    94.11111111111111,
    94.52888888888889,
    94.87333333333333,
    95.18222222222222,
    95.89777777777778,
    95.97777777777777,
    96.50888888888889,
    97.16666666666667,
    97.48,
    97.80888888888889,
    98.52,
    98.70222222222222,
    99.17111111111112,
    99.45777777777778,
    99.53333333333333,
    99.64,
    99.68222222222222,
    99.72666666666667
  ],
  "val_loss": [
    1.2792995949334736,
    1.064078554322448,
    1.1778443802761127,
    0.8900331428533867,
    0.8033889807477782,
    0.8015678717365747,
    0.6727412705180011,
    0.6393693330921705,
    0.47949057591112354,
    0.5511797032778776,
    0.525619912562491,
    0.5203240566615817,
    0.6229545598543142,
    0.497393378917175,
    0.36517403982108154,
    0.3743064763802516,
    0.3935315789112562,
    0.3238054809125164,
    0.5404984502098228,
    0.4038148398829412,
    0.35159148172109944,
    0.311935535620285,
    0.3449653695467152,
    0.36664206544055217,
    0.3360858323830592,
    0.3157053672814671,
    0.3706236626905731,
    0.3270617588600026,
    0.3056984726999757,
    0.3329328901688509,
    0.28494579194090036,
    0.27399044500404524,
    0.2665048984669243,
    0.251776922889101,
    0.23519257222644135,
    0.24276292463175103,
    0.2410295747008316,
    0.24195827147628687,
    0.24100146704954625,
    0.23717804932141606
  ],
  "val_acc": [
    52.74,
    62.82,
    64.76,
    73.3,
    75.26,
    74.88,
    79.5,
    80.62,
    84.32,
    82.66,
    83.76,
    83.46,
    81.56,
    84.68,
    88.74,
    88.26,
    87.4,
    89.7,
    84.86,
    88.24,
    88.82,
    90.12,
    89.42,
    89.3,
    90.72,
    90.24,
    89.74,
    90.7,
    91.36,
    90.7,
    91.94,
    92.16,
    92.94,
    93.14,
    93.86,
    93.88,
    93.7,
    93.64,
    93.86,
    93.68
  ]
}